"","outd","NoInt:0.75","CI_HQ_SD:0.75","PC_CI_SD:0.75","PC_CI_HQ_SD:0.75","NoInt:0.5","CI_HQ_SD:0.5","PC_CI_SD:0.5","PC_CI_HQ_SD:0.5","NoInt:0.25","CI_HQ_SD:0.25","PC_CI_SD:0.25","PC_CI_HQ_SD:0.25"
"1",0,0,0,0,0,0,0,0,0,0,0,0,0
"2",1,0,0,0,0,0,0,0,0,0,0,0,0
"3",2,0,0,0,0,0,0,0,0,0,0,0,0
"4",3,0,0,0,0,0,0,0,0,0,0,0,0
"5",4,0,0,0,0,0,0,0,0,0,0,0,0
"6",5,0,0,0,0,0,0,0,0,0,0,0,0
"7",6,0,0,0,0,0,0,0,0,0,0,0,0
"8",7,0,0,0,0,0,0,0,0,0,0,0,0
"9",8,0,0,0,0,0,0,0,0,0,0,0,0
"10",9,0,0,0,0,0,0,0,0,0,0,0,0
"11",10,0,0,0,0,0,0,0,0,0,0,0,0
"12",11,0,0,0,0,0,0,0,0,0,0,0,0
"13",12,0,0,0,0,0,0,0,0,0,0,0,0
"14",13,0,0,0,0,0,0,0,0,0,0,0,0
"15",14,0,0,0,0,0,0,0,0,0,0,0,0
"16",15,0,0,0,0,0,0,0,0,0,0,0,0
"17",16,0,0,0,0,0,0,0,0,0,0,0,0
"18",17,0,0,0,0,0,0,0,0,0,0,0,0
"19",18,0,0,0,0,0,0,0,0,0,0,0,0
"20",19,0,0,0,0,0,0,0,0,0,0,0,0
"21",20,0,0,0,0,0,0,0,0,0,0,0,0
"22",21,0,0,0,0,0,0,0,0,0,0,0,0
"23",22,0,0,0,0,0,0,0,0,0,0,0,0
"24",23,0,0,0,0,0,0,0,0,0,0,0,0
"25",24,0,0,0,0,0,0,0,0,0,0,0,0
"26",25,0,0,0,0,0,0,0,0,0,0,0,0
"27",26,0,0,0,0,0,0,0,0,0,0,0,0
"28",27,0,0,0,0,0,0,0,0,0,0,0,0
"29",28,0,0,0,0,0,0,0,0,0,0,0,0
"30",29,0,0,0,0,0,0,0,0,0,0,0,0
"31",30,0,0,0,0,0,0,0,0,0,0,0,0
"32",31,0,0,0,0,0,0,0,0,0,0,0,0
"33",32,0,0,0,0,0,0,0,0,0,0,0,0
"34",33,0,0,0,0,0,0,0,0,0,0,0,0
"35",34,0,0,0,0,0,0,0,0,0,0,0,0
"36",35,0,0,0,0,0,0,0,0,0,0,0,0
"37",36,0,0,0,0,0,0,0,0,0,0,0,0
"38",37,0,0,0,0,0,0,0,0,0,0,0,0
"39",38,0,0,0,0,0,0,0,0,0,0,0,0
"40",39,0,0,0,0,0,0,0,0,0,0,0,0
"41",40,0,0,0,0,0,0,0,0,0,0,0,0
"42",41,0,0,0,0,0,0,0,0,0,0,0,0
"43",42,0,0,0,0,0,0,0,0,0,0,0,0
"44",43,0,0,0,0,0,0,0,0,0,0,0,0
"45",44,0,0,0,0,0,0,0,0,0,0,0,0
"46",45,0,0,0,0,0,0,0,0,0,0,0,0
"47",46,0,0,0,0,0,0,0,0,0,0,0,0
"48",47,0,0,0,0,0,0,0,0,0,0,0,0
"49",48,0,0,0,0,0,0,0,0,0,0,0,0
"50",49,0,0,0,0,0,0,0,0,0,0,0,0
"51",50,0,0,0,0,0,0,0,0,0,0,0,0
"52",51,0,0,0,0,0,0,0,0,0,0,0,0
"53",52,0,0,0,0,0,0,0,0,0,0,0,0
"54",53,0,0,0,0,0,0,0,0,0,0,0,0
"55",54,0,0,0,0,0,0,0,0,0,0,0,0
"56",55,0,0,0,0,0,0,0,0,0,0,0,0
"57",56,0,0,0,0,0,0,0,0,0,0,0,0
"58",57,0,0,0,0,0,0,0,0,0,0,0,0
"59",58,0,0,0,0,0,0,0,0,0,0,0,0
"60",59,0,0,0,0,0,0,0,0,0,0,0,0
"61",60,0,0,0,0,0,0,0,0,0,0,0,0
"62",61,0,0,0,0,0,0,0,0,0,0,0,0
"63",62,0,0,0,0,0,0,0,0,0,0,0,0
"64",63,0,0,0,0,0,0,0,0,0,0,0,0
"65",64,0,0,0,0,0,0,0,0,0,0,0,0
"66",65,0,0,0,0,0,0,0,0,0,0,0,0
"67",66,0,0,0,0,0,0,0,0,0,0,0,0
"68",67,0,0,0,0,0,0,0,0,0,0,0,0
"69",68,0,0,0,0,0,0,0,0,0,0,0,0
"70",69,0.1,0.1,0.1,0.1,0.1,0.1,0.1,0.1,0.1,0.1,0.1,0.1
"71",70,0.2,0.2,0.2,0.2,0.2,0.2,0.2,0.2,0.2,0.2,0.2,0.2
"72",71,0.2,0.2,0.2,0.2,0.2,0.2,0.2,0.2,0.2,0.2,0.2,0.2
"73",72,0.4,0.4,0.4,0.4,0.4,0.4,0.4,0.4,0.4,0.4,0.4,0.4
"74",73,0.4,0.4,0.4,0.4,0.4,0.4,0.4,0.4,0.4,0.4,0.4,0.4
"75",74,0.4,0.4,0.4,0.4,0.4,0.4,0.4,0.4,0.4,0.4,0.4,0.4
"76",75,0.5,0.5,0.5,0.5,0.5,0.5,0.5,0.5,0.5,0.5,0.5,0.5
"77",76,0.8,0.8,0.8,0.8,0.8,0.8,0.8,0.8,0.8,0.8,0.8,0.8
"78",77,1,1,1,1,1,1,1,1,1,1,1,1
"79",78,1.1,1.1,1.1,1.1,1.1,1.1,1.1,1.1,1.1,1.1,1.1,1.1
"80",79,1.6,1.6,1.6,1.6,1.6,1.6,1.6,1.6,1.6,1.6,1.6,1.6
"81",80,1.7,1.7,1.7,1.7,1.7,1.7,1.7,1.7,1.7,1.7,1.7,1.7
"82",81,1.9,1.9,1.9,1.9,1.9,1.9,1.9,1.9,1.9,1.9,1.9,1.9
"83",82,2.1,2.1,2.1,2.1,2.1,2.1,2.1,2.1,2.1,2.1,2.1,2.1
"84",83,2.7,2.7,2.7,2.7,2.7,2.7,2.7,2.7,2.7,2.7,2.7,2.7
"85",84,3.3,3.3,3.3,3.3,3.3,3.3,3.3,3.3,3.3,3.3,3.3,3.3
"86",85,4.1,4.1,4.1,4.1,4.1,4.1,4.1,4.1,4.1,4.1,4.1,4.1
"87",86,4.5,4.5,4.5,4.5,4.5,4.5,4.5,4.5,4.5,4.5,4.5,4.5
"88",87,5.5,5.5,5.5,5.5,5.5,5.5,5.5,5.5,5.5,5.5,5.5,5.5
"89",88,6.2,6.2,6.2,6.2,6.2,6.2,6.2,6.2,6.2,6.2,6.2,6.2
"90",89,7,7,7,7,7,7,7,7,7,7,7,7
"91",90,8.1,8.1,8.1,8.1,8.1,8.1,8.1,8.1,8.1,8.1,8.1,8.1
"92",91,9.2,9.2,9.2,9.2,9.2,9.2,9.2,9.2,9.2,9.2,9.2,9.2
"93",92,11.9,11.9,11.9,11.9,11.9,11.9,11.9,11.9,11.9,11.9,11.9,11.9
"94",93,13.5,13.5,13.5,13.5,13.5,13.5,13.5,13.5,13.5,13.5,13.5,13.5
"95",94,17,17,17,17,17,17,17,17,17,17,17,17
"96",95,19.1,19.1,19.1,19.1,19.1,19.1,19.1,19.1,19.1,19.1,19.1,19.1
"97",96,23.4,23.4,23.4,23.4,23.4,23.4,23.4,23.4,23.4,23.4,23.4,23.4
"98",97,27.2,27.2,27.2,27.2,27.2,27.2,27.2,27.2,27.2,27.2,27.2,27.2
"99",98,32,32,32,32,32,32,32,32,32,32,32,32
"100",99,35.6,35.6,35.6,35.6,35.6,35.6,35.6,35.6,35.6,35.6,35.6,35.6
"101",100,41.3,41.3,41.3,41.3,41.3,41.3,41.3,41.3,41.3,41.3,41.3,41.3
"102",101,46.8,46.8,46.8,46.8,46.8,46.8,46.8,46.8,46.8,46.8,46.8,46.8
"103",102,52.1,52.1,52.1,52.1,52.1,52.1,52.1,52.1,52.1,52.1,52.1,52.1
"104",103,59.1,59.1,59.1,59.1,59.1,59.1,59.1,59.1,59.1,59.1,59.1,59.1
"105",104,64.9,64.9,64.9,64.9,64.9,64.9,64.9,64.9,64.9,64.9,64.9,64.9
"106",105,74.2,74.2,74.2,74.2,74.2,74.2,74.2,74.2,74.2,74.2,74.2,74.2
"107",106,84.3,84.3,84.3,84.3,84.3,84.3,84.3,84.3,84.3,84.3,84.3,84.3
"108",107,95.5,95.5,95.5,95.5,95.5,95.5,95.5,95.5,95.5,95.5,95.5,95.5
"109",108,110.1,110.1,110.1,110.1,110.1,110.1,110.1,110.1,110.1,110.1,110.1,110.1
"110",109,130.9,130.9,130.9,130.9,130.9,130.9,130.9,130.9,130.9,130.9,130.9,130.9
"111",110,151.6,151.6,151.6,151.6,151.6,151.6,151.6,151.6,151.6,151.6,151.6,151.6
"112",111,177.3,177.3,177.3,177.3,177.3,177.3,177.3,177.3,177.3,177.3,177.3,177.3
"113",112,202.9,202.9,202.9,202.9,202.9,202.9,202.9,202.9,202.9,202.9,202.9,202.9
"114",113,237.3,237.3,237.3,237.3,237.3,237.3,237.3,237.3,237.3,237.3,237.3,237.3
"115",114,274.6,274.6,274.6,274.6,274.6,274.6,274.6,274.6,274.6,274.6,274.6,274.6
"116",115,315.4,315.4,315.4,315.4,315.4,315.4,315.4,315.4,315.4,315.4,315.4,315.4
"117",116,362.4,362.4,362.4,362.4,362.4,362.4,362.4,362.4,362.4,362.4,362.4,362.4
"118",117,423.2,423.2,423.2,423.2,423.2,423.2,423.2,423.2,423.2,423.2,423.2,423.2
"119",118,493.3,493.7,493,493.6,493.3,493.7,493,493.6,493.3,493.7,493,493.6
"120",119,567.2,565.4,565.4,566,567.2,565.4,565.4,566,567.2,565.4,565.4,566
"121",120,648,646,644.7,647.3,648,646,644.7,647.3,648,646,644.7,647.3
"122",121,741.1,734.9,731.5,734.3,741.1,734.9,731.5,734.3,741.1,734.9,731.5,734.3
"123",122,859.5,837.2,830.4,841.6,859.5,837.2,830.4,841.6,859.5,837.2,830.4,841.6
"124",123,973.8,927.6,922.9,933.6,973.8,927.6,922.9,933.6,973.8,927.6,922.9,933.6
"125",124,1116.5,1022,1022.2,1038,1116.5,1022,1022.2,1038,1116.5,1022,1022.2,1038
"126",125,1276.5,1107.7,1117.1,1126,1276.5,1107.7,1117.1,1126,1276.5,1107.7,1117.1,1126
"127",126,1453.6,1187.4,1199.8,1211.1,1453.6,1187.4,1199.8,1211.1,1453.6,1187.4,1199.8,1211.1
"128",127,1643.3,1248.8,1260.2,1281.6,1643.3,1248.8,1260.2,1281.6,1643.3,1248.8,1260.2,1281.6
"129",128,1851.7,1303.5,1314.8,1329.2,1851.7,1303.5,1314.8,1329.2,1851.7,1303.5,1314.8,1329.2
"130",129,2097.9,1351.1,1352.9,1363,2097.9,1351.1,1352.9,1363,2097.9,1351.1,1352.9,1363
"131",130,2380.4,1389.1,1387.3,1382.8,2380.4,1389.1,1387.3,1382.8,2380.4,1389.1,1387.3,1382.8
"132",131,2679.4,1412.8,1400.6,1391.4,2679.4,1412.8,1400.6,1391.4,2679.4,1412.8,1400.6,1391.4
"133",132,3008.6,1421.5,1393.5,1371.7,3008.6,1421.5,1393.5,1371.7,3008.6,1421.5,1393.5,1371.7
"134",133,3402.6,1435.1,1372.1,1353.4,3402.6,1435.1,1372.1,1353.4,3402.6,1435.1,1372.1,1353.4
"135",134,3822.6,1451.1,1351.1,1309.4,3822.6,1451.1,1351.1,1309.4,3822.6,1451.1,1351.1,1309.4
"136",135,4305,1470,1319.6,1275.8,4305,1470,1319.6,1275.8,4305,1470,1319.6,1275.8
"137",136,4841.6,1490,1287.5,1226,4841.6,1490,1287.5,1226,4841.6,1490,1287.5,1226
"138",137,5452.8,1505.8,1260.4,1172.2,5452.8,1505.8,1260.4,1172.2,5452.8,1505.8,1260.4,1172.2
"139",138,6129.9,1520.6,1223.4,1128.9,6129.9,1520.6,1223.4,1128.9,6129.9,1520.6,1223.4,1128.9
"140",139,6895.8,1540.6,1182.8,1081.3,6895.8,1540.6,1182.8,1081.3,6895.8,1540.6,1182.8,1081.3
"141",140,7781,1561.7,1136.1,1034,7781,1561.7,1136.1,1034,7781,1561.7,1136.1,1034
"142",141,8812.8,1601.9,1095.1,984,8812.8,1601.9,1095.1,984,8812.8,1601.9,1095.1,984
"143",142,9947.2,1640.7,1056.9,934.4,9947.2,1640.7,1056.9,934.4,9947.2,1640.7,1056.9,934.4
"144",143,11218.2,1671.9,1025.9,883.3,11218.2,1671.9,1025.9,883.3,11218.2,1671.9,1025.9,883.3
"145",144,12632.9,1691.6,979.6,838.9,12632.9,1691.6,979.6,838.9,12632.9,1691.6,979.6,838.9
"146",145,14173.5,1718.5,939.3,790.1,14173.5,1718.5,939.3,790.1,14173.5,1718.5,939.3,790.1
"147",146,15809.3,1736.6,905.2,752.5,15809.3,1736.6,905.2,752.5,15809.3,1736.6,905.2,752.5
"148",147,17567,1750.4,867.2,714.5,17567,1750.4,867.2,714.5,17567,1750.4,867.2,714.5
"149",148,19426.4,1755.6,833.9,671.2,19426.4,1755.6,833.9,671.2,19426.4,1755.6,833.9,671.2
"150",149,21392.1,1756.8,799.4,642,21392.1,1756.8,799.4,642,21392.1,1756.8,799.4,642
"151",150,23388.9,1746.7,770.7,607.2,23388.9,1746.7,770.7,607.2,23388.9,1746.7,770.7,607.2
"152",151,25497.4,1708.3,739.9,571.1,25497.4,1708.3,739.9,571.1,25497.4,1708.3,739.9,571.1
"153",152,27725,1665.3,709.3,541,27725,1665.3,709.3,541,27725,1665.3,709.3,541
"154",153,29990,1625.5,685,517.1,29990,1625.5,685,517.1,29990,1625.5,685,517.1
"155",154,32349.1,1579.6,659.4,490.4,32349.1,1579.6,659.4,490.4,32349.1,1579.6,659.4,490.4
"156",155,34733.4,1519,630.9,468.4,34733.4,1519,630.9,468.4,34733.4,1519,630.9,468.4
"157",156,37217.9,1453.3,601.6,441.1,37217.9,1453.3,601.6,441.1,37217.9,1453.3,601.6,441.1
"158",157,39775.1,1396.9,579.9,416.3,39775.1,1396.9,579.9,416.3,39775.1,1396.9,579.9,416.3
"159",158,42485.8,1344.4,555.4,396.2,42485.8,1344.4,555.4,396.2,42485.8,1344.4,555.4,396.2
"160",159,45306.6,1292.9,538.7,369,45306.6,1292.9,538.7,369,45306.6,1292.9,538.7,369
"161",160,48373.8,1247.2,515.8,347.6,48373.8,1247.2,515.8,347.6,48373.8,1247.2,515.8,347.6
"162",161,51549.9,1208.3,491.3,330.6,51549.9,1208.3,491.3,330.6,51549.9,1208.3,491.3,330.6
"163",162,54913.7,1172.9,473,312.7,54913.7,1172.9,473,312.7,54913.7,1172.9,473,312.7
"164",163,58440.5,1139.4,452,296.4,58440.5,1139.4,452,296.4,58440.5,1139.4,452,296.4
"165",164,62254.2,1114.3,434.3,280.3,62254.2,1114.3,434.3,280.3,62254.2,1114.3,434.3,280.3
"166",165,66249.3,1092.4,420.6,263.8,66249.3,1092.4,420.6,263.8,66249.3,1092.4,420.6,263.8
"167",166,70476.9,1085.8,404.8,249.5,70476.9,1085.8,404.8,249.5,70476.9,1085.8,404.8,249.5
"168",167,74954.5,1085.1,386.7,238.8,74954.5,1085.1,386.7,238.8,74954.5,1085.1,386.7,238.8
"169",168,79609.4,1084.5,366.2,225.7,79609.4,1084.5,366.2,225.7,79609.4,1084.5,366.2,225.7
"170",169,84357.7,1086.1,353.5,214.6,84357.7,1086.1,353.5,214.6,84357.7,1086.1,353.5,214.6
"171",170,89059.6,1090,337.3,204.3,89059.6,1090,337.3,204.3,89059.6,1090,337.3,204.3
"172",171,93820.9,1101.9,329.1,193,93820.9,1101.9,329.1,193,93820.9,1101.9,329.1,193
"173",172,98536.9,1118.5,318.5,182.4,98536.9,1118.5,318.5,182.4,98536.9,1118.5,318.5,182.4
"174",173,103125.2,1133.4,303.3,169.6,103125.2,1133.4,303.3,169.6,103125.2,1133.4,303.3,169.6
"175",174,107354.6,1153.5,294,161.7,107354.6,1153.5,294,161.7,107354.6,1153.5,294,161.7
"176",175,111490.6,1184.4,283,153.2,111490.6,1184.4,283,153.2,111490.6,1184.4,283,153.2
"177",176,115246.5,1209.3,271.5,147.2,115246.5,1209.3,271.5,147.2,115246.5,1209.3,271.5,147.2
"178",177,118615.7,1231.7,260.1,137.8,118615.7,1231.7,260.1,137.8,118615.7,1231.7,260.1,137.8
"179",178,121454.7,1263.1,253.1,131.6,121454.7,1263.1,253.1,131.6,121454.7,1263.1,253.1,131.6
"180",179,123843.6,1297.3,240.5,124.6,123843.6,1297.3,240.5,124.6,123843.6,1297.3,240.5,124.6
"181",180,125724.8,1322.3,234.6,117.7,125724.8,1322.3,234.6,117.7,125724.8,1322.3,234.6,117.7
"182",181,126988.8,1357.8,226,112.6,126988.8,1357.8,226,112.6,126988.8,1357.8,226,112.6
"183",182,127636.9,1391.3,215,108.1,127636.9,1391.3,215,108.1,127636.9,1391.3,215,108.1
"184",183,127681.9,1430.9,209.1,104.4,127681.9,1430.9,209.1,104.4,127681.9,1430.9,209.1,104.4
"185",184,127281.3,1469.3,200.1,100,127281.3,1469.3,200.1,100,127281.3,1469.3,200.1,100
"186",185,126180,1503.2,193.8,93.6,126180,1503.2,193.8,93.6,126180,1503.2,193.8,93.6
"187",186,124532.7,1541.8,186.1,88.1,124532.7,1541.8,186.1,88.1,124532.7,1541.8,186.1,88.1
"188",187,122386.5,1587.9,181.6,85.7,122386.5,1587.9,181.6,85.7,122386.5,1587.9,181.6,85.7
"189",188,119829,1623.2,173.7,81.1,119829,1623.2,173.7,81,119829,1623.2,173.7,81
"190",189,116803.5,1667.8,169.1,77.2,116803.5,1667.8,169.1,77.2,116803.5,1667.8,169.1,77.2
"191",190,113540.7,1732.3,162,75.8,113540.7,1732.3,162,75.4,113540.7,1732.3,162,75.4
"192",191,109923.4,1782.6,155.5,74.8,109923.4,1782.6,155.5,73.6,109923.4,1782.6,155.5,73.6
"193",192,106145.1,1834.2,149.9,70.9,106145.1,1834.2,149.9,69.7,106145.1,1834.2,149.9,69.7
"194",193,102188.6,1881.4,144,67.1,102188.6,1881.4,144,65,102188.6,1881.4,144,65
"195",194,97934.1,1929.3,137.8,64.7,97934.1,1929.3,137.8,60.9,97934.1,1929.3,137.8,60.9
"196",195,93607.3,1970,132.7,66.3,93607.3,1970,132.7,59.4,93607.3,1970,132.7,59.4
"197",196,89181.7,1997.2,129.3,63.8,89181.7,1997.2,129.3,56.9,89181.7,1997.2,129.3,56.9
"198",197,84665.9,2005.5,123.5,62.6,84665.9,2005.5,123.5,53.2,84665.9,2005.5,123.5,53.1
"199",198,80001.3,2008.4,119.2,63.3,80001.3,2008.4,119.2,50.3,80001.3,2008.4,119.2,50.3
"200",199,75391.8,1991.4,112.7,65.2,75391.8,1991.4,112.7,48.3,75391.8,1991.4,112.7,49.2
"201",200,70743.6,1955.8,107.4,65.7,70743.6,1955.8,107.4,45.1,70743.6,1955.8,107.4,46.1
"202",201,66222.2,1921.4,105.6,68.5,66222.2,1921.4,105.6,42.5,66222.2,1921.4,105.6,43.6
"203",202,61729.8,1877.3,105.1,72.9,61729.8,1877.3,105.1,40.9,61729.8,1877.3,105.1,41.6
"204",203,57363.1,1838.2,101.2,76.6,57363.1,1838.2,101.2,39.8,57363.1,1838.2,101.2,39.3
"205",204,53230.6,1793.7,98.5,83.3,53230.6,1793.7,98.5,39.6,53230.6,1793.7,98.5,37
"206",205,49243.1,1756,93.8,89.1,49243.1,1756,93.8,40.9,49243.1,1756,93.8,36.9
"207",206,45480.6,1736.7,91.2,99.3,45480.6,1736.7,91.2,40.2,45480.6,1736.7,91.2,35.4
"208",207,41938.8,1722.8,88.3,105.5,41938.8,1722.8,88.6,39.8,41938.8,1722.8,88.6,33.2
"209",208,38691.7,1711.7,86.3,113.7,38691.7,1711.7,86.2,40.3,38691.7,1711.7,86.2,31.1
"210",209,35616,1712,86.4,121.6,35616,1712,85.3,41.9,35616,1712,85.3,29.5
"211",210,32746.6,1713.3,85.1,131,32746.6,1713.3,82.7,44.8,32746.6,1713.3,82.7,28.6
"212",211,30094.7,1722.6,80.7,140.2,30094.7,1722.6,77.5,46.3,30094.7,1722.6,77.5,26.6
"213",212,27609.1,1744.4,80.2,152.8,27609.1,1744.4,75,50.4,27609.1,1744.4,75,25.3
"214",213,25354.1,1762.8,80.1,165.5,25354.1,1762.8,74.1,53.7,25354.1,1762.8,74.1,24.2
"215",214,23208.8,1782.1,82,175.8,23208.8,1782.1,71.4,58.5,23208.8,1782.1,71.4,24.1
"216",215,21258.7,1804.5,87.4,185.4,21258.7,1804.5,70.2,62.1,21258.7,1804.5,70.2,22.4
"217",216,19476.1,1821.9,91.3,196.4,19476.1,1821.9,67,68,19476.1,1821.9,67,21.2
"218",217,17796.9,1860.5,96.6,209.6,17796.9,1860.5,64,73,17796.9,1860.5,64,21.4
"219",218,16259.2,1906.7,102,225.2,16259.2,1906.7,62.6,79.3,16259.2,1906.7,62.6,20.3
"220",219,14898.5,1948.1,112,242.5,14898.5,1948.1,58.5,83.5,14898.5,1948.1,58.2,18.9
"221",220,13623.7,1996.5,123.4,261.6,13623.7,1996.5,57.9,89,13623.7,1996.5,57.4,18.4
"222",221,12443.5,2040.2,136,276.7,12443.5,2040.2,56.4,95.6,12443.5,2040.2,56.4,18.5
"223",222,11363,2091.6,147.6,290.8,11363,2091.6,53.2,103.3,11363,2091.6,52.5,19.1
"224",223,10361.4,2130.9,163.6,305.2,10361.4,2130.9,52.4,112.9,10361.4,2130.9,51.4,20.7
"225",224,9475.6,2167.9,179.3,321.3,9475.6,2167.9,50.5,124,9475.6,2167.9,50.1,22.9
"226",225,8636.3,2209.7,195.3,336.4,8636.3,2209.7,49.7,134.4,8636.3,2209.7,48.2,23.8
"227",226,7865.3,2259.3,210.4,351,7865.3,2259.3,49.9,144.4,7865.3,2259.3,47.2,25
"228",227,7164.9,2290.2,225.9,362.8,7164.9,2290.2,50.3,158.8,7164.9,2290.2,47,25.7
"229",228,6551.7,2324.5,252.3,368.5,6551.7,2324.5,49.2,173.8,6551.7,2324.5,45.1,27.3
"230",229,5958.7,2373.4,273.4,374.1,5958.7,2373.4,53.8,190.7,5958.7,2373.4,46,29.9
"231",230,5432.7,2405.9,299,372.6,5432.7,2405.9,56.2,208.4,5432.7,2405.9,44.6,32.1
"232",231,4956.6,2454.1,322.7,369.8,4956.6,2454.1,59.3,227.3,4956.6,2454.1,42.7,34.3
"233",232,4507.6,2494,344.5,364.8,4507.6,2494,61.9,245.9,4507.6,2494,41.8,36.7
"234",233,4108.7,2550.3,368.5,357.8,4108.7,2550.3,65.1,262,4108.7,2550.3,39.4,39.6
"235",234,3734.2,2619.5,389.9,348,3734.2,2619.5,70.4,276.1,3734.2,2619.5,37.8,42.4
"236",235,3397.8,2679.2,410.2,335.5,3397.8,2679.2,77.2,292.7,3397.8,2679.2,38,44.7
"237",236,3103.6,2735.7,431.7,326.1,3103.6,2735.7,85,312,3103.6,2735.7,37,48.9
"238",237,2827.6,2791.2,455,311.9,2827.6,2791.2,92.2,329.2,2827.6,2791.2,34.5,54.2
"239",238,2565.1,2856,467.1,298.6,2565.1,2856,103.7,343.9,2565.1,2856,33,58
"240",239,2345.4,2906,477.8,281.8,2345.4,2906,112,359.3,2345.4,2906,32.5,63.2
"241",240,2138.5,2964.7,481.8,269.7,2138.5,2964.7,122.5,374.6,2138.5,2964.7,31.7,67.3
"242",241,1941.9,3020.2,493.1,256.7,1941.9,3020.2,136.3,389,1941.9,3020.2,31.1,73.7
"243",242,1765.7,3071.4,494.4,243.6,1765.7,3071.4,149.4,395.6,1765.7,3071.4,29.5,79.4
"244",243,1598.8,3123.6,493.9,231.1,1598.8,3123.6,162.9,407.4,1598.8,3123.6,30.2,87.4
"245",244,1454.4,3166.4,490,219.1,1454.4,3166.4,177.4,412.4,1454.4,3166.4,29.4,92.8
"246",245,1327.4,3218.7,485.2,209.2,1327.4,3218.7,194.9,413,1327.4,3218.7,28.3,102.1
"247",246,1207.7,3278.8,476.9,193.9,1207.7,3278.8,213.6,407.5,1207.7,3278.8,27.9,112.3
"248",247,1092.4,3349.6,462.8,181.2,1092.4,3349.6,235.3,399.7,1092.4,3349.6,29,121.4
"249",248,1000.6,3412.2,450,169.6,1000.6,3412.2,253.2,390.3,1000.6,3412.2,28.7,132.3
"250",249,908.4,3478.1,439.3,161.3,908.4,3478.1,279.8,380.4,908.4,3478.1,28.9,141.8
"251",250,823.9,3552.1,425.6,150.6,823.9,3552.1,304.7,367.2,823.9,3552.1,29.9,153.7
"252",251,751.2,3611.9,409.5,143.6,751.2,3611.9,331.7,349.9,751.2,3611.9,32.3,164.6
"253",252,681.3,3663.6,398,136.7,681.3,3663.6,363.7,333.5,681.3,3663.6,35.5,177.1
"254",253,620.4,3694.9,382,130,620.4,3694.9,388.9,316.2,620.4,3694.9,38.1,186.3
"255",254,566.8,3715.8,366.2,122.8,566.8,3715.8,415.2,300.4,566.8,3715.8,42.8,198.9
"256",255,516.5,3718.5,349.9,118,516.5,3718.5,438.5,286,516.5,3718.5,46.1,209.8
"257",256,468.1,3689.8,339.9,112.3,468.1,3689.8,461.7,274.4,468.1,3689.8,51.6,215.2
"258",257,427.6,3640.8,324.8,108.4,427.6,3640.8,476.3,260.5,427.6,3640.8,54.7,224
"259",258,386.4,3559.1,312.1,103.2,386.4,3559.1,492.8,248.3,386.4,3559.1,61.2,237.3
"260",259,348,3461.7,302.2,98.3,348,3461.7,499.9,233.7,348,3461.7,67.8,245.4
"261",260,315.3,3357.4,289.6,92.4,315.3,3357.4,504,216.8,315.3,3357.4,73.6,250.2
"262",261,285.2,3228.4,277.2,88.3,285.2,3228.4,501.7,204.5,285.2,3228.4,78.4,254.2
"263",262,259.3,3095.9,267.6,85.3,259.3,3095.9,491.5,196.2,259.3,3095.9,83.2,254
"264",263,233,2957.1,257.5,81.4,233,2957.1,482.5,183.1,233,2957.1,86.8,256.2
"265",264,209.3,2827.8,248.5,77.5,209.3,2827.8,471.1,171.9,209.3,2827.8,91.5,259.6
"266",265,187.9,2694.6,238.5,72.5,187.9,2694.6,456.3,162.9,187.9,2694.6,101.4,260.5
"267",266,170.8,2563.6,227,70,170.8,2563.6,436.5,153.3,170.8,2563.6,107,264.3
"268",267,155.9,2437,225.1,69.8,155.9,2437,419.9,145.4,155.9,2437,114.8,259.7
"269",268,140.2,2320.8,215.4,69,140.2,2320.8,401.9,137.1,140.2,2320.8,120.6,249.1
"270",269,129.2,2203.2,202.3,67.3,129.2,2203.2,384.1,130.1,129.2,2203.2,127.1,247.2
"271",270,119.7,2085.9,198.2,69.8,119.7,2085.9,371.8,126,119.7,2085.9,135.5,245.8
"272",271,106.6,1984.7,187.1,69.9,106.6,1984.7,356.9,119.2,106.6,1984.7,148.2,238.5
"273",272,99.5,1888.8,179.6,68.9,99.5,1888.8,340.9,113.9,99.5,1888.8,161.6,233.3
"274",273,91,1799.9,171.5,70.7,91,1799.9,330.8,108.3,91,1799.9,175.3,225.6
"275",274,84.2,1712.1,164.9,73.2,84.2,1712.1,321.4,104,84.2,1712.1,186,217.7
"276",275,77.2,1621.6,159.2,78,77.2,1621.6,309.7,98.5,77.2,1621.6,195.3,208.4
"277",276,70.1,1539.8,151.7,80.6,70.1,1539.8,300.9,93.3,70.1,1539.8,209.4,198.7
"278",277,63.6,1465.9,141.3,85.3,63.6,1465.9,290.6,88.5,63.6,1465.9,224.3,194.2
"279",278,58.1,1396.2,137.7,90.3,58.1,1396.2,280.5,85.5,58.1,1396.2,239.9,188.9
"280",279,50.8,1325.7,132.4,93.8,50.8,1325.7,271.5,81.8,50.8,1325.7,255.5,180.3
"281",280,44.9,1258.4,125.7,100.2,44.9,1258.4,258.7,78.6,44.9,1258.4,268.6,171.4
"282",281,40.1,1194,121.4,107.5,40.1,1194,248.2,74,40.1,1194,283.5,167.7
"283",282,36.9,1132.5,114.5,117.2,36.9,1132.5,240.9,69,36.9,1132.5,297.5,162
"284",283,32.2,1082.6,113.3,127.9,32.2,1082.6,232.5,66.6,32.2,1082.6,312.9,159.1
"285",284,28.4,1024.4,109.4,138.3,28.4,1024.4,224.4,63.4,28.4,1024.4,331.9,151.2
"286",285,25.6,980.4,107,148.7,25.6,980.4,217.2,62,25.6,980.4,343.5,145.4
"287",286,23.1,932.8,104.9,163.3,23.1,932.8,209,59.3,23.1,932.8,356.1,141.1
"288",287,21.9,882.3,104.7,174.7,21.9,882.3,206.3,57.8,21.9,882.3,365.2,133.5
"289",288,19.8,837.1,99.8,184.8,19.8,837.1,202,53.8,19.8,837.1,372.7,128.2
"290",289,18.2,798.5,96.9,202.8,18.2,798.5,196,50.2,18.2,798.5,381.6,120.8
"291",290,17.6,761.8,93.4,217.4,17.6,761.8,191.6,47.5,17.6,761.8,387.9,114.9
"292",291,15.9,724.4,90.8,232.9,15.9,724.4,188.5,48.4,15.9,724.4,388.2,110.7
"293",292,13.3,694.5,88.1,244.6,13.3,694.5,183.2,48.7,13.3,694.5,385.8,108.5
"294",293,11.7,664.7,84.7,257.8,11.7,664.7,178.5,48.9,11.7,664.7,378.2,102.3
"295",294,11.5,631,84.8,271.2,11.5,631,171.8,49.1,11.5,631,370.2,96.3
"296",295,10.3,602.7,84.2,286.8,10.3,602.7,169.5,48.6,10.3,602.7,371,92.9
"297",296,9.6,575.6,83.7,300.6,9.6,575.6,164.1,48.8,9.6,575.6,358.9,88.1
"298",297,8.2,554.2,83.6,309.1,8.2,554.2,157.6,50.5,8.2,554.2,347.9,86.8
"299",298,7.8,532.6,86.9,317.9,7.8,532.6,152.4,52,7.8,532.6,340.2,83.8
"300",299,7.1,518.4,90.3,321.1,7.1,518.4,149,56.5,7.1,518.4,323.2,80.1
"301",300,5.6,503.6,95,326.1,5.6,503.6,144,58.5,5.6,503.6,313.6,77
"302",301,5.9,490.4,100.7,324.2,5.9,490.4,138.5,59.8,5.9,490.4,302.3,72.1
"303",302,5.3,475.2,105.4,326.5,5.3,475.2,136.2,62.1,5.3,475.2,289.8,67.6
"304",303,5,461.7,112.7,325.4,5,461.7,130.9,63.1,5,461.7,283.2,64.6
"305",304,4.4,459.7,121.9,325.9,4.4,459.7,127.8,66.5,4.4,459.7,273.7,64.3
"306",305,4.1,450.7,130,320.3,4.1,450.7,123.3,71.3,4.1,450.7,258.4,62.1
"307",306,3.3,446.9,143,311.6,3.3,446.9,119.9,78.2,3.3,446.9,250.5,60.3
"308",307,3.2,444,154.4,307,3.2,444,116.1,84.5,3.2,444,241.7,55.3
"309",308,3,443.4,167.3,303.7,3,443.4,112.2,91.2,3,443.4,228.8,51.7
"310",309,2.8,442.2,181.6,302,2.8,442.2,107.7,95.2,2.8,442.2,222.5,49.8
"311",310,2.4,443.4,193.8,295.5,2.4,443.4,103.2,103.4,2.4,443.4,210.8,47.7
"312",311,1.7,444.1,208.4,292.2,1.7,444.1,99.5,112.9,1.7,444.1,201.2,47
"313",312,1.7,446.6,228.4,289.2,1.7,446.6,95.3,122,1.7,446.6,195.3,47.6
"314",313,1.7,447.5,247.1,282.7,1.7,447.5,92.2,133.5,1.7,447.5,187.3,45.5
"315",314,1.3,447.9,269.6,273.3,1.3,447.9,88.4,147.7,1.3,447.9,177.7,43.7
"316",315,1.3,452.5,289.3,263.3,1.3,452.5,84.4,159.6,1.3,452.5,171.5,40.7
"317",316,1.4,459.4,311.1,250.4,1.4,459.4,82.1,173.9,1.4,459.4,164.5,37.3
"318",317,1.2,465.9,330.4,243.1,1.2,465.9,81.1,181.5,1.2,465.9,160.3,38
"319",318,1,470.9,345.4,236.1,1,470.9,79.1,193.2,1,470.9,157.8,38.2
"320",319,1.2,476.4,362.2,221.6,1.2,476.4,76.4,208.7,1.2,476.4,153,37.2
"321",320,1.2,482.3,381.3,209.2,1.2,482.3,74.4,220.5,1.2,482.3,149.2,36.1
"322",321,1.3,489.5,393.6,199.4,1.3,489.5,71.8,232.4,1.3,489.5,142.8,33.3
"323",322,1.2,494.8,406.6,186,1.2,494.8,70,245.7,1.2,494.8,137.4,30.1
"324",323,1.1,501.9,424.4,176,1.1,501.9,69.1,258.7,1.1,501.9,131.8,27.9
"325",324,1,501.5,431.9,166.4,1,501.5,67.6,270,1,501.5,127,25.6
"326",325,0.9,506.8,442.6,158.6,0.9,506.8,65.8,282.8,0.9,506.8,121,25
"327",326,0.7,509.4,447.2,154.4,0.7,509.4,64.3,293.3,0.7,509.4,117.9,26.2
"328",327,0.7,509.2,453.7,142.8,0.7,509.2,60.6,308.7,0.7,509.2,113.7,25
"329",328,0.6,513.3,457.1,133.2,0.6,513.3,58.9,316.3,0.6,513.3,107.6,24.2
"330",329,0.4,522.3,454,129.4,0.4,522.3,58.7,323.9,0.4,522.3,104,23.5
"331",330,0.3,527,452.7,124,0.3,527,59.2,331,0.3,527,98.6,23.7
"332",331,0.2,533.7,451.4,118.2,0.2,533.7,60.3,337.8,0.2,533.7,96.3,23.6
"333",332,0.2,540.9,449.6,111.9,0.2,540.9,60.7,346.9,0.2,540.9,92.6,25.5
"334",333,0.2,550.9,438.5,106.7,0.2,550.9,61.9,354.5,0.2,550.9,89.5,27.8
"335",334,0.2,557.8,427.1,100.3,0.2,557.8,61.8,359.8,0.2,557.8,86.8,29.7
"336",335,0.3,562.3,416.5,94.1,0.3,562.3,65.8,359,0.3,562.3,82.9,31.4
"337",336,0.4,577.1,404.8,88.4,0.4,577.1,66.8,358.4,0.4,577.1,78.8,31.9
"338",337,0.3,591.9,393.8,87.5,0.3,591.9,71,354.7,0.3,591.9,77.5,32.2
"339",338,0.3,601,384.8,83.6,0.3,601,75.6,356.3,0.3,601,76.8,34.4
"340",339,0.3,607.2,378.4,78.7,0.3,607.2,80,352.9,0.3,607.2,74.2,37.1
"341",340,0.4,616.1,364.9,75.5,0.4,616.1,83,348.7,0.4,616.1,71.6,39
"342",341,0.4,622.6,355.7,71.3,0.4,622.6,88.7,338.5,0.4,622.6,69.5,43.5
"343",342,0.3,629.3,341.9,69.5,0.3,629.3,97.2,326.1,0.3,629.3,67.3,44.9
"344",343,0.3,630.9,326.4,67.3,0.3,630.9,103.8,310.7,0.3,630.9,64.6,46.8
"345",344,0.3,645.7,314.5,67.6,0.3,645.7,113.2,293.8,0.3,645.7,63.3,50.7
"346",345,0.2,652,301.3,68.2,0.2,652,120.6,281.8,0.2,652,61.3,55.5
"347",346,0.1,651.8,287.7,70.1,0.1,651.8,135.3,267.3,0.1,651.8,60.1,59.8
"348",347,0.1,655.7,273.2,69.5,0.1,655.7,151.2,255.8,0.1,655.7,56.5,66.1
"349",348,0.1,668.5,262.5,70.1,0.1,668.5,164.7,243.3,0.1,668.5,52.8,70.7
"350",349,0.1,673.4,248.8,70.8,0.1,673.4,178.4,231.8,0.1,673.4,49.3,75.4
"351",350,0,678.3,240.8,74,0,678.3,199.2,220.2,0,678.3,50,82
"352",351,0,687.3,227.9,77.5,0,687.3,216.4,211.6,0,687.3,48.5,87.2
"353",352,0,693,215.1,80.4,0,693,238.6,198.6,0,693,47,92.9
"354",353,0,698.2,206.3,84.5,0,698.2,262.3,186.6,0,698.2,46.8,101
"355",354,0,705.3,198.4,89,0,705.3,289.9,179,0,705.3,45.3,108.3
"356",355,0,715,191.1,97.4,0,715,313.8,171,0,715,44.6,114.8
"357",356,0,722.2,181.9,105.6,0,722.2,339.4,161.7,0,722.2,43.7,122.6
"358",357,0,727.5,174.4,112.8,0,727.5,364.9,151.5,0,727.5,42.7,130.9
"359",358,0,731.5,166.8,123.1,0,731.5,392.1,142.1,0,731.5,43.1,139.5
"360",359,0,737.1,161.9,132.8,0,737.1,419.6,133.4,0,737.1,43.6,150.7
"361",360,0,742.6,155.8,140.8,0,742.6,437,125.6,0,742.6,42,159.1
"362",361,0,750.4,151.1,152.5,0,750.4,457.6,119.8,0,750.4,41.4,169.8
"363",362,0,760.9,146.5,167.6,0,760.9,469.1,115,0,760.9,41.4,178.4
"364",363,0,775,143.5,179.1,0,775,480.8,110.4,0,775,39.2,190.3
"365",364,0,781.6,137.5,191.4,0,781.6,489.2,103.9,0,781.6,39.7,201.9
"366",365,0,787.5,133.2,203,0,787.5,498.6,96.1,0,787.5,41.9,209.3
"367",366,0,796.2,128.7,217.2,0,796.2,502.9,89.9,0,796.2,41.7,220.5
"368",367,0,800.2,124.9,232.7,0,800.2,499.3,88.8,0,800.2,41.8,231.6
"369",368,0,804.9,121.1,247.4,0,804.9,495.6,83.5,0,804.9,41.4,241.4
"370",369,0,808.8,116.3,263.7,0,808.8,485.4,77.7,0,808.8,43.4,252.7
"371",370,0,818.9,112.5,275.6,0,818.9,485.8,73.4,0,818.9,43.9,267.1
"372",371,0,825.2,108.9,288.8,0,825.2,479.9,68.4,0,825.2,45.2,276.5
"373",372,0,829.3,108.3,298.7,0,829.3,473.8,63.1,0,829.3,48.4,290.6
"374",373,0,839.3,105.1,310.1,0,839.3,466.6,59.4,0,839.3,51.5,297.3
"375",374,0,846.8,105,322.5,0,846.8,456.9,56.2,0,846.8,53.1,302.7
"376",375,0,858.8,102,335.4,0,858.8,442.7,54.7,0,858.8,54.9,314
"377",376,0,867.3,105.1,339.9,0,867.3,430.7,53.8,0,867.3,57.6,322.6
"378",377,0,878.9,105.8,344.5,0,878.9,424.6,48.5,0,878.9,62.8,329
"379",378,0,890.1,106.8,345.1,0,890.1,412.8,45.6,0,890.1,68,332.2
"380",379,0,899.4,107.9,348.8,0,899.4,406.2,43.7,0,899.4,73.2,331
"381",380,0,909.2,110.7,350.5,0,909.2,393.4,42.3,0,909.2,80.3,329.3
"382",381,0,912.8,115.2,351.3,0,912.8,381.1,40.3,0,912.8,87.7,332.7
"383",382,0,916.7,117.1,347.9,0,916.7,369.8,40.1,0,916.7,94,328.4
"384",383,0,922.5,122.5,346.9,0,922.5,358.5,40.2,0,922.5,101.8,324.6
"385",384,0,929.7,128.6,340.6,0,929.7,348.5,40.4,0,929.7,110.7,322
"386",385,0,929.7,137.8,331.3,0,929.7,339.4,39,0,929.7,119.3,317.6
"387",386,0,939.5,142.8,328.7,0,939.5,325.3,39.2,0,939.5,128,307.4
"388",387,0,948.2,152.7,321.9,0,948.2,312.5,40.7,0,948.2,134.8,296.6
"389",388,0,955.6,161.6,316.6,0,955.6,298.6,44.4,0,955.6,142.6,291.7
"390",389,0,968.1,169.3,306.4,0,968.1,284.5,46.9,0,968.1,149.4,284.9
"391",390,0,977.7,179,301.1,0,977.7,271.2,49.3,0,977.7,156.8,274.5
"392",391,0,990.7,187.4,292.9,0,990.7,260.2,53,0,990.7,163.3,264.2
"393",392,0,998.8,198.7,284,0,998.8,252.4,55.6,0,998.8,170,255.4
"394",393,0,1005.2,211.1,272.7,0,1005.2,239.7,60.9,0,1005.2,177.4,245.8
"395",394,0,1010.4,225.7,263,0,1010.4,225.9,64,0,1010.4,182.5,235.7
"396",395,0,1023,235.6,253.8,0,1023,215.3,67.4,0,1023,186.5,226.3
"397",396,0,1029,247.3,241.8,0,1029,206.8,73.9,0,1029,192.7,216.9
"398",397,0,1032.5,257.2,232.8,0,1032.5,194.9,76.3,0,1032.5,199,209.7
"399",398,0,1043.1,266.8,222.1,0,1043.1,189.1,80.9,0,1043.1,205.9,199.7
"400",399,0,1052.7,283.4,211.9,0,1052.7,183.5,87.3,0,1052.7,211.7,190.4
"401",400,0,1054.4,289.8,200.7,0,1054.4,174.9,93.7,0,1054.4,219.3,181.5
"402",401,0,1056.2,297.8,189.1,0,1056.2,167.7,99.3,0,1056.2,226.6,169.7
"403",402,0,1070.8,308.6,182.5,0,1070.8,158,107.3,0,1070.8,234.8,161
"404",403,0,1076.6,319.1,173.3,0,1076.6,153,115.3,0,1076.6,243.6,155.7
"405",404,0,1092.5,324.5,167.1,0,1092.5,147.7,123.9,0,1092.5,255.3,149.8
"406",405,0,1101.4,334.1,159.1,0,1101.4,142.9,137.3,0,1101.4,269.7,140.3
"407",406,0,1113.3,344,149.5,0,1113.3,138.8,143.4,0,1113.3,281.2,135.3
"408",407,0,1119.2,351.2,141.5,0,1119.2,133.5,157,0,1119.2,295.3,128.7
"409",408,0,1119.3,360.6,133.9,0,1119.3,126.5,170.2,0,1119.3,305,121.4
"410",409,0,1118.2,359.6,126.3,0,1118.2,121.5,184.7,0,1118.2,320.4,114.7
"411",410,0,1128.3,364.4,120.6,0,1128.3,118.2,198.5,0,1128.3,336.9,110.5
"412",411,0,1140,369.3,113.8,0,1140,113.6,216,0,1140,350.6,103.7
"413",412,0,1143.6,371.2,107.5,0,1143.6,110.1,233.9,0,1143.6,366.2,98.4
"414",413,0,1153.4,370,104.7,0,1153.4,107.2,249.8,0,1153.4,375.9,93.3
"415",414,0,1153.8,371.2,97.8,0,1153.8,102.5,265.6,0,1153.8,385.4,87
"416",415,0,1163.8,369.8,93.1,0,1163.8,98.9,277.8,0,1163.8,393.5,84.3
"417",416,0,1163.1,369.5,88.9,0,1163.1,93.2,294.5,0,1163.1,401.4,80
"418",417,0,1173.4,368.2,86.2,0,1173.4,91.2,310.2,0,1173.4,404.1,74.5
"419",418,0,1183.4,361.4,82.3,0,1183.4,89.4,322.1,0,1183.4,413,71.7
"420",419,0,1189.4,362.8,79.5,0,1189.4,85.3,332.8,0,1189.4,420.6,68.5
"421",420,0,1193.9,365.1,76.7,0,1193.9,81.9,343.5,0,1193.9,416.7,64.7
"422",421,0,1198.9,364.9,75.4,0,1198.9,79.1,354,0,1198.9,419.2,63.9
"423",422,0,1201.6,357.9,73.7,0,1201.6,74.4,361.9,0,1201.6,417.6,62.8
"424",423,0,1196.4,352.4,73.6,0,1196.4,71,369.4,0,1196.4,421.4,59.1
"425",424,0,1200.2,345.8,75.2,0,1200.2,69.1,376.9,0,1200.2,420.8,56.2
"426",425,0,1202.7,337.2,73.9,0,1202.7,66.9,380.1,0,1202.7,417.9,52.2
"427",426,0,1209.8,328,75.7,0,1209.8,66.4,383.2,0,1209.8,416.9,48.9
"428",427,0,1215.7,323.4,77.2,0,1215.7,62.4,382.8,0,1215.7,415.3,46.9
"429",428,0,1222.4,318.4,82.1,0,1222.4,61.1,380,0,1222.4,410.1,43.3
"430",429,0,1225.4,309.6,87.3,0,1225.4,60,374.8,0,1225.4,399.7,42.3
"431",430,0,1234,300.1,91,0,1234,58.8,365.6,0,1234,395.6,41.9
"432",431,0,1228.7,296.3,97.4,0,1228.7,58.4,356,0,1228.7,385.4,39.8
"433",432,0,1242.3,291.6,102.6,0,1242.3,58,348.3,0,1242.3,373.7,36.6
"434",433,0,1252.1,281.9,107.4,0,1252.1,58.2,335.5,0,1252.1,360.8,35.1
"435",434,0,1258.2,273.1,113,0,1258.2,61.1,323,0,1258.2,352.1,34.7
"436",435,0,1259.8,267.8,121.8,0,1259.8,61.8,312.1,0,1259.8,337.4,33.8
"437",436,0,1263,259.7,128.3,0,1263,63.5,297.7,0,1263,326.7,33.4
"438",437,0,1272.4,248.2,139.2,0,1272.4,67.5,281.7,0,1272.4,314.6,31.5
"439",438,0,1268.5,240.6,147.9,0,1268.5,71.3,270,0,1268.5,300.2,32.1
"440",439,0,1278.3,235,158.3,0,1278.3,76.2,259.2,0,1278.3,286.3,32.2
"441",440,0,1281.3,227.4,170,0,1281.3,80.2,248.8,0,1281.3,275.2,30.1
"442",441,0,1297.1,215,177.9,0,1297.1,85.1,236.3,0,1297.1,265,29.5
"443",442,0,1294.2,209.7,190.1,0,1294.2,89.9,221.3,0,1294.2,254.2,29.8
"444",443,0,1301.9,201.5,202.3,0,1301.9,97.5,210.7,0,1301.9,243,29.7
"445",444,0,1307.3,193.1,215.4,0,1307.3,103.7,197.7,0,1307.3,229.3,28.7
"446",445,0,1309.2,186,227,0,1309.2,112.8,187.5,0,1309.2,220.3,28.7
"447",446,0,1311.9,179.4,237.4,0,1311.9,123.2,179,0,1311.9,207,28.3
"448",447,0,1303.3,171.9,246.3,0,1303.3,138.2,172.2,0,1303.3,198.4,29.4
"449",448,0,1312.1,164.5,253.5,0,1312.1,149.2,162.9,0,1312.1,191,30.2
"450",449,0,1313.4,154.8,260.1,0,1313.4,163.3,152,0,1313.4,187,29.5
"451",450,0,1313.6,145.2,267.2,0,1313.6,175.8,144.5,0,1313.6,176.8,31.5
"452",451,0,1315.3,138.7,277.4,0,1315.3,191,135,0,1315.3,170,33
"453",452,0,1314.7,131.6,282.5,0,1314.7,206.8,127.4,0,1314.7,162.2,35
"454",453,0,1307.5,130.5,287.2,0,1307.5,220.1,118.6,0,1307.5,156.3,36.5
"455",454,0,1301.2,128.3,287,0,1301.2,234.8,113.2,0,1301.2,150.5,38.1
"456",455,0,1298.1,126.8,290.9,0,1298.1,251,105.8,0,1298.1,146,40
"457",456,0,1299,124,295.4,0,1299,268.5,98.3,0,1299,142.9,43.9
"458",457,0,1302.8,122.2,296.8,0,1302.8,282.9,92.3,0,1302.8,137.9,48
"459",458,0,1304.5,122.2,302,0,1304.5,302.3,84.2,0,1304.5,133.6,51.1
"460",459,0,1307.4,123.7,305,0,1307.4,321.2,79.2,0,1307.4,124.6,55.1
"461",460,0,1304.5,125.5,302.3,0,1304.5,348.2,75,0,1304.5,119.9,60.2
"462",461,0,1300.3,126.9,301.1,0,1300.3,371.7,72.2,0,1300.3,113.5,64.5
"463",462,0,1297.3,125.8,299.1,0,1297.3,390.5,68.8,0,1297.3,110.1,68.2
"464",463,0,1304.1,125.3,295.6,0,1304.1,411.6,66.2,0,1304.1,104.9,74
"465",464,0,1307,126.6,298.2,0,1307,428.7,61.6,0,1307,100.5,81.3
"466",465,0,1314.1,129.5,293,0,1314.1,441.6,59.8,0,1314.1,95.8,89.3
"467",466,0,1320.3,131.4,288.8,0,1320.3,455.4,56.5,0,1320.3,89.6,94.3
"468",467,0,1318.2,134,284.9,0,1318.2,463.8,52.9,0,1318.2,84.3,102.4
"469",468,0,1310.2,137,277.2,0,1310.2,466.4,52.2,0,1310.2,79.7,108.3
"470",469,0,1303.5,141.2,269.6,0,1303.5,466.6,50.5,0,1303.5,76.9,117.2
"471",470,0,1297.6,146.8,265.7,0,1297.6,459,48.6,0,1297.6,74.3,124.5
"472",471,0,1294.3,151,256.6,0,1294.3,450.1,47.8,0,1294.3,72,131.2
"473",472,0,1300.7,157.5,251.4,0,1300.7,446.6,45.3,0,1300.7,69.2,141.7
"474",473,0,1298.1,166,242.2,0,1298.1,436.2,43.3,0,1298.1,66.4,149.3
"475",474,0,1300.1,172.4,231,0,1300.1,427.2,44.5,0,1300.1,63.6,156.8
"476",475,0,1289.7,178.6,223.7,0,1289.7,420.3,43,0,1289.7,62.7,163.4
"477",476,0,1275.7,188.3,213.2,0,1275.7,406.1,44.7,0,1275.7,61.5,172.5
"478",477,0,1270.2,194.8,201.3,0,1270.2,392.7,44.8,0,1270.2,59.8,178.7
"479",478,0,1263.6,200.9,192.4,0,1263.6,383.3,45.2,0,1263.6,58.7,185.7
"480",479,0,1263,206.9,180.9,0,1263,370.5,46.2,0,1263,57.6,192.4
"481",480,0,1265,212.6,172.3,0,1265,361.2,47.5,0,1265,54.8,196.4
"482",481,0,1263.8,222.2,164.3,0,1263.8,353.4,48.1,0,1263.8,53.4,201.5
"483",482,0,1256.6,234,151.8,0,1256.6,344.1,51.4,0,1256.6,52.7,204.3
"484",483,0,1250.3,243.1,144.8,0,1250.3,337.4,53.2,0,1250.3,51.1,209.6
"485",484,0,1247.8,252,137.3,0,1247.8,327.9,55.4,0,1247.8,49.7,217.1
"486",485,0,1244.9,261.6,129.1,0,1244.9,314.6,58.5,0,1244.9,47.3,224.8
"487",486,0,1246.8,270.7,123.6,0,1246.8,304.1,61.1,0,1246.8,46.1,231.1
"488",487,0,1249.5,281.4,118.2,0,1249.5,294.3,64.6,0,1249.5,45.7,237.5
"489",488,0,1254.9,293.7,111.3,0,1254.9,285.5,69.8,0,1254.9,43.6,250.1
"490",489,0,1255.8,308.1,106.5,0,1255.8,279.2,74.5,0,1255.8,42.3,259.2
"491",490,0,1254.2,319,100.9,0,1254.2,268.4,80.6,0,1254.2,44.1,267.8
"492",491,0,1246.6,327.2,95.1,0,1246.6,256.7,86.9,0,1246.6,44.4,278
"493",492,0,1242.5,335.6,91.6,0,1242.5,246.5,91,0,1242.5,42.6,289.7
"494",493,0,1237.5,340.1,87.5,0,1237.5,236.2,98.4,0,1237.5,42.3,297.8
"495",494,0,1232.3,350.6,82.8,0,1232.3,224.9,106.4,0,1232.3,43.5,305.1
"496",495,0,1231.6,349.9,79.2,0,1231.6,214.7,115.6,0,1231.6,43.5,312.3
"497",496,0,1222.9,352.6,77.2,0,1222.9,206.5,124.1,0,1222.9,44.4,315.6
"498",497,0,1213.5,358,74.7,0,1213.5,200.8,135.1,0,1213.5,45.1,320.7
"499",498,0,1207,358,74.1,0,1207,191.9,142.5,0,1207,46.9,319.2
"500",499,0,1197.4,355.9,75.2,0,1197.4,184.8,153.9,0,1197.4,49.1,317
"501",500,0,1193.8,355.5,75.1,0,1193.8,177.6,166.7,0,1193.8,50.7,314.2
"502",501,0,1188.8,354,75.3,0,1188.8,171.5,177.2,0,1188.8,51.5,310.2
"503",502,0,1183.1,348.3,75.5,0,1183.1,161,191.8,0,1183.1,55.2,304
"504",503,0,1178.4,347,77.1,0,1178.4,153.3,208.2,0,1178.4,59.7,300.3
"505",504,0,1169.3,344.1,79.6,0,1169.3,148.8,223.8,0,1169.3,63.1,289.8
"506",505,0,1168,347.2,81.9,0,1168,147.3,240.1,0,1168,69,283.1
"507",506,0,1161.7,345.5,83.7,0,1161.7,140.5,255.4,0,1161.7,72,280.7
"508",507,0,1158.7,341.8,86.8,0,1158.7,134.1,272.1,0,1158.7,79.4,275
"509",508,0,1156.9,336.7,90.1,0,1156.9,128.4,292.5,0,1156.9,85.5,268.3
"510",509,0,1156,333.9,94.7,0,1156,121.9,305.2,0,1156,95.3,260.2
"511",510,0,1146.3,332.4,98.2,0,1146.3,115.9,316.2,0,1146.3,102.1,255.8
"512",511,0,1139.3,330.4,104.7,0,1139.3,109,331,0,1139.3,109.1,249.2
"513",512,0,1128,329.5,113.2,0,1128,107.8,337,0,1128,118.7,240.7
"514",513,0,1124.2,323.9,120.9,0,1124.2,101.1,343.7,0,1124.2,129.1,230.4
"515",514,0,1115.5,319.7,127,0,1115.5,96.2,344.2,0,1115.5,138.9,224.3
"516",515,0,1106.8,315.1,138.4,0,1106.8,90.5,347.6,0,1106.8,149.4,214.2
"517",516,0,1101.6,306.9,151,0,1101.6,87.3,350.7,0,1101.6,161.7,203.7
"518",517,0,1097.4,298.7,159.8,0,1097.4,83.6,350.3,0,1097.4,169.7,193.4
"519",518,0,1078.3,291.9,171.2,0,1078.3,78.7,348.2,0,1078.3,181.5,183.7
"520",519,0,1064.2,282.7,180.2,0,1064.2,74.3,345.7,0,1064.2,185.8,176.2
"521",520,0,1055.2,271.7,194,0,1055.2,74.3,340.3,0,1055.2,195.7,169.2
"522",521,0,1054,262.5,206.7,0,1054,71.6,333.6,0,1054,206.4,163.3
"523",522,0,1056.7,249.9,217.6,0,1056.7,69.2,332.2,0,1056.7,215.5,155.8
"524",523,0,1052.5,240.4,229.3,0,1052.5,67.9,324.7,0,1052.5,221.7,151.3
"525",524,0,1050.4,227.7,242.8,0,1050.4,65,317,0,1050.4,229.1,145.6
"526",525,0,1048.2,216.3,253.1,0,1048.2,63.1,306.7,0,1048.2,236.7,140.1
"527",526,0,1036.3,210.3,262.8,0,1036.3,61.7,295.9,0,1036.3,247.1,132.3
"528",527,0,1022.8,203.9,273.8,0,1022.8,59.5,286.3,0,1022.8,255.6,124.8
"529",528,0,1021.9,196,281.1,0,1021.9,60.8,276.1,0,1021.9,266.2,120.6
"530",529,0,1016.8,186.1,289.8,0,1016.8,61.7,268.2,0,1016.8,279.4,113.7
"531",530,0,1013,179.4,298.8,0,1013,61.3,260.1,0,1013,292.7,105.2
"532",531,0,1006.5,171.7,309.2,0,1006.5,61.5,248.7,0,1006.5,304.4,97.7
"533",532,0,996.4,168.3,316,0,996.4,60,236.9,0,996.4,315.1,93.3
"534",533,0,984.1,164,320.8,0,984.1,61.9,224.3,0,984.1,327.4,86
"535",534,0,974,158.2,326.6,0,974,65.8,216,0,974,338.8,80.4
"536",535,0,963.7,151,326.9,0,963.7,68.3,206,0,963.7,351.4,74.5
"537",536,0,964,144.8,330,0,964,73,195.8,0,964,360,71.7
"538",537,0,967.4,137.9,328.6,0,967.4,75.8,183.2,0,967.4,370.9,69.1
"539",538,0,956.9,134.8,328.5,0,956.9,80.6,169.7,0,956.9,377.9,64.3
"540",539,0,949.3,133.8,327.2,0,949.3,85.5,159.7,0,949.3,383.4,62.3
"541",540,0,940,131.9,320.2,0,940,89.4,150.6,0,940,388.3,61.4
"542",541,0,930.4,127.3,310.5,0,930.4,97.6,138.7,0,930.4,390,58.7
"543",542,0,921.1,121.3,304.9,0,921.1,107.6,130,0,921.1,395.5,55.6
"544",543,0,912.7,118.4,295.4,0,912.7,117.2,123.3,0,912.7,397.3,55.1
"545",544,0,904,116.1,283.4,0,904,126.1,116.5,0,904,397.5,53.5
"546",545,0,899,114.5,275.5,0,899,133.8,111.2,0,899,395,52.2
"547",546,0,891.4,112.7,262.7,0,891.4,143.4,106.2,0,891.4,389.9,48.9
"548",547,0,880.8,113.8,254.7,0,880.8,157.1,100.8,0,880.8,383.7,46.2
"549",548,0,885.2,113.5,248.8,0,885.2,169.2,98.3,0,885.2,372.9,43.2
"550",549,0,880.1,113.5,238.5,0,880.1,187.6,91.5,0,880.1,363.5,41
"551",550,0,871.4,112.5,232.8,0,871.4,205.6,85.6,0,871.4,353,38.5
"552",551,0,870.6,115.9,223.9,0,870.6,222.1,84.3,0,870.6,345.8,38
"553",552,0,862.5,119.2,215.7,0,862.5,237.3,81.2,0,862.5,332.6,36.9
"554",553,0,861.9,125.4,208.3,0,861.9,253.9,78.7,0,861.9,320.8,34.6
"555",554,0,855.9,131.2,200.9,0,855.9,272.5,75.4,0,855.9,311.8,33.9
"556",555,0,841.4,135.3,194.5,0,841.4,294.8,69.3,0,841.4,299.1,32.8
"557",556,0,836.3,142.5,186.8,0,836.3,317.4,65.6,0,836.3,288.2,32.6
"558",557,0,830.5,149.2,181.8,0,830.5,340.1,62.9,0,830.5,281.7,32
"559",558,0,819,158.9,172,0,819,359.5,58.7,0,819,278.7,33.7
"560",559,0,811.1,165.7,165,0,811.1,375.8,57.7,0,811.1,275.3,34
"561",560,0,805.1,176.8,156.1,0,805.1,387,55.8,0,805.1,267.9,34.2
"562",561,0,791.1,186.8,149.1,0,791.1,402,53.8,0,791.1,262.9,33.6
"563",562,0,790.6,198.3,139.9,0,790.6,418,51,0,790.6,259,35.3
"564",563,0,776.3,207.7,134,0,776.3,432.5,48.8,0,776.3,254.3,37.5
"565",564,0,768.6,217.5,127.7,0,768.6,441,47.1,0,768.6,247.3,38.1
"566",565,0,764,228.3,119.6,0,764,451.2,48.7,0,764,242.1,39.3
"567",566,0,754.8,237.4,113.1,0,754.8,452.5,48.2,0,754.8,239.2,41.5
"568",567,0,746,246.1,106,0,746,456.6,47.7,0,746,230.1,43.7
"569",568,0,735.8,252.6,100.8,0,735.8,458.4,48,0,735.8,219.5,46.8
"570",569,0,729.6,264.9,97.3,0,729.6,457.5,48,0,729.6,207,48.7
"571",570,0,724,274.3,92.5,0,724,459.2,48.2,0,724,201.6,51.7
"572",571,0,718,287.2,87.8,0,718,455.8,49,0,718,193.5,56.9
"573",572,0,705.1,295,85.4,0,705.1,455.7,51.2,0,705.1,184.5,60
"574",573,0,701.4,300.4,81.9,0,701.4,447.4,54.2,0,701.4,176.5,63.3
"575",574,0,696.2,310.8,78.8,0,696.2,440.2,58,0,696.2,168.5,67.8
"576",575,0,693.3,323.5,78,0,693.3,428.7,58.8,0,693.3,162.7,72
"577",576,0,684.8,335.5,76.9,0,684.8,422.8,64,0,684.8,156,76
"578",577,0,674.8,344.6,76.4,0,674.8,411.9,69.5,0,674.8,149.5,81.7
"579",578,0,663.8,351,76.8,0,663.8,401.7,72.3,0,663.8,145.5,84.6
"580",579,0,655.4,356.3,77.5,0,655.4,390.5,77.8,0,655.4,144.6,92.2
"581",580,0,652.8,357.6,79,0,652.8,381.2,83,0,652.8,138.1,96.5
"582",581,0,649.8,358.1,81.8,0,649.8,370.6,91.7,0,649.8,132.6,99.3
"583",582,0,644.8,365.5,83.4,0,644.8,355.1,97.7,0,644.8,127,103.4
"584",583,0,634.3,375.4,85.4,0,634.3,345.2,103.6,0,634.3,121,107.3
"585",584,0,627.2,374.7,89.1,0,627.2,333.1,109.5,0,627.2,118.2,112.9
"586",585,0,615.2,375,90.7,0,615.2,322.8,117.2,0,615.2,112.3,116.3
"587",586,0,612.2,372.5,95.9,0,612.2,309.8,123.3,0,612.2,107.1,119.4
"588",587,0,602.7,372.7,102.2,0,602.7,295,130.4,0,602.7,103.4,122.8
"589",588,0,601.3,374.8,107.3,0,601.3,283.4,140.6,0,601.3,99.3,130.2
"590",589,0,591.3,374.7,110.3,0,591.3,271.5,150,0,591.3,94.1,130.3
"591",590,0,581,376.6,117,0,581,259.6,161.3,0,581,89.4,134.3
"592",591,0,569.8,370.6,122.7,0,569.8,245.2,168.1,0,569.8,85,139.5
"593",592,0,563.1,362.3,129.8,0,563.1,232,180,0,563.1,81.2,144.5
"594",593,0,559.8,354.4,141.4,0,559.8,222.1,194.7,0,559.8,79.3,149.2
"595",594,0,557.9,349.3,151.1,0,557.9,215.2,207.6,0,557.9,74.6,152.9
"596",595,0,554.5,341,161.8,0,554.5,206.7,223,0,554.5,73.1,160
"597",596,0,546.1,332.9,171.1,0,546.1,197.1,240.4,0,546.1,70,165.6
"598",597,0,548,326.4,180.8,0,548,190.7,252.4,0,548,68.6,173.1
"599",598,0,543.5,321.2,189.6,0,543.5,184.6,262.3,0,543.5,66.6,173.1
"600",599,0,542.2,314.8,202.9,0,542.2,176.1,273.6,0,542.2,64.9,179.1
"601",600,0,538.8,309.2,211.1,0,538.8,168.3,283.3,0,538.8,62.8,184.7
"602",601,0,534.3,304.5,223.3,0,534.3,164.4,294.6,0,534.3,60.5,188.4
"603",602,0,526.5,297.1,241.3,0,526.5,157.6,303.1,0,526.5,58.5,193.5
"604",603,0,521.8,288.5,253.4,0,521.8,149.7,301.5,0,521.8,57.5,200
"605",604,0,513.9,279.8,264.3,0,513.9,143.5,305.1,0,513.9,56.8,205.1
"606",605,0,506.7,271.7,274.1,0,506.7,135.5,308.8,0,506.7,54.8,207.7
"607",606,0,500.2,262.5,284.2,0,500.2,131.6,309.1,0,500.2,53.5,213.7
"608",607,0,488.9,253.6,296.3,0,488.9,125.1,310.7,0,488.9,51,218.6
"609",608,0,478.5,241.8,306.5,0,478.5,117.3,313.3,0,478.5,49.1,230.5
"610",609,0,470.4,232.1,310.8,0,470.4,112,309.1,0,470.4,49,239.8
"611",610,0,462.3,223.3,321,0,462.3,107.2,305.9,0,462.3,47.3,246.4
"612",611,0,457.7,214.8,324.4,0,457.7,103.3,303.4,0,457.7,46.9,253.5
"613",612,0,453.4,207.7,321.9,0,453.4,99.9,296.9,0,453.4,46.3,263.2
"614",613,0,448.2,199.8,322.5,0,448.2,94.3,295.1,0,448.2,46,269.6
"615",614,0,441.4,193.1,319.1,0,441.4,90.8,291.9,0,441.4,45.8,278.2
"616",615,0,434.4,186.9,318.8,0,434.4,88.6,281.9,0,434.4,46,285.4
"617",616,0,425.6,184.3,313.5,0,425.6,85.3,275.9,0,425.6,46,288.3
"618",617,0,425.2,177.2,305.2,0,425.2,82.9,270.7,0,425.2,46,289.2
"619",618,0,419.9,171.1,297.9,0,419.9,82.2,263.7,0,419.9,46.3,284.3
"620",619,0,418.2,165.3,293.6,0,418.2,81,255.9,0,418.2,45.1,282.6
"621",620,0,414.6,157.8,282.6,0,414.6,79.3,250.7,0,414.6,48.4,283.4
"622",621,0,410.9,152.9,274.6,0,410.9,76.5,242.2,0,410.9,49,282.5
"623",622,0,410.2,148.9,264.5,0,410.2,76.8,235.4,0,410.2,50.4,273
"624",623,0,404.1,144.9,251.1,0,404.1,76.8,230.9,0,404.1,51.2,268.2
"625",624,0,396.3,140.5,245.8,0,396.3,73.8,222.9,0,396.3,54.5,258.6
"626",625,0,395.9,140.7,235.8,0,395.9,72.8,217,0,395.9,57.7,252.4
"627",626,0,397.1,137.3,227.8,0,397.1,70.8,207.3,0,397.1,62.1,245.9
"628",627,0,390.7,136.6,218.2,0,390.7,70.4,198.7,0,390.7,65.7,241.3
"629",628,0,388.2,136.6,210.4,0,388.2,70.3,189.6,0,388.2,71.9,238.1
"630",629,0,384.7,135.5,201.5,0,384.7,68.5,184.4,0,384.7,77.3,229.6
"631",630,0,376.9,135.8,193.7,0,376.9,69.4,175,0,376.9,82.2,219.8
"632",631,0,371,137,187.5,0,371,72.4,165.4,0,371,89.3,211.9
"633",632,0,365.9,140.4,179.9,0,365.9,72.7,157.1,0,365.9,97.6,207.1
"634",633,0,364,142.4,175.7,0,364,75.4,147.7,0,364,108.4,197.7
"635",634,0,360.1,147.5,170.5,0,360.1,80.4,137.7,0,360.1,115.1,190.5
"636",635,0,355.7,147.5,164.8,0,355.7,84.4,128.1,0,355.7,122.8,182.8
"637",636,0,351,146,158,0,351,91,119.2,0,351,129.6,175.6
"638",637,0,345.8,147.3,152.6,0,345.8,97.1,110,0,345.8,135.8,165.2
"639",638,0,340.2,148.7,146.6,0,340.2,102.5,104.5,0,340.2,142.8,156.7
"640",639,0,336,149,141.6,0,336,113.1,97,0,336,151.7,148.4
"641",640,0,335,150.3,137.9,0,335,121,90.2,0,335,158.9,142.2
"642",641,0,328.3,153,131,0,328.3,129.5,85.4,0,328.3,164.6,134.8
"643",642,0,323.7,156.7,126.7,0,323.7,138.9,81.4,0,323.7,169.5,127.4
"644",643,0,320,157.2,121,0,320,150.4,77.4,0,320,171.3,121.6
"645",644,0,319.4,160.2,114.5,0,319.4,162.9,76.3,0,319.4,177.9,115.7
"646",645,0,315.5,163.7,108,0,315.5,175.8,74.9,0,315.5,181.5,109.4
"647",646,0,307,169.3,103.8,0,307,189.9,72.3,0,307,187,104.6
"648",647,0,301.8,171.9,98.7,0,301.8,201,69.5,0,301.8,194.9,98.3
"649",648,0,300.3,175.3,93.6,0,300.3,215.9,65.4,0,300.3,199.4,92.3
"650",649,0,295.4,180.6,90.5,0,295.4,227.8,63.1,0,295.4,205.8,90.4
"651",650,0,290,189.9,86,0,290,238.8,60.8,0,290,210.5,85.4
"652",651,0,290.1,193,82.6,0,290.1,249.3,59.1,0,290.1,218.6,80.7
"653",652,0,287.6,194.5,79.7,0,287.6,261.5,58.4,0,287.6,228,76.9
"654",653,0,280.8,199.4,77.9,0,280.8,268.5,56.3,0,280.8,237.4,73
"655",654,0,276.8,204.4,76.6,0,276.8,276.4,55,0,276.8,243,69
"656",655,0,269.5,209.5,76.7,0,269.5,290.2,54.2,0,269.5,255.3,66.2
"657",656,0,274.8,215,79.5,0,274.8,296.8,53.1,0,274.8,267.4,62.6
"658",657,0,272.3,220.9,81.7,0,272.3,308.4,54.2,0,272.3,274.5,61.3
"659",658,0,271,232.6,82.9,0,271,313.8,54.2,0,271,283,59.4
"660",659,0,268.6,239.8,84.1,0,268.6,320.4,54.8,0,268.6,291.7,57
"661",660,0,270.8,245.9,85.6,0,270.8,331.7,56.7,0,270.8,299.5,54.4
"662",661,0,270.3,256.2,90.1,0,270.3,334.7,58.1,0,270.3,312.5,53.6
"663",662,0,265.3,267.5,92,0,265.3,339.2,58.2,0,265.3,321.7,51.8
"664",663,0,262.7,276.1,97.1,0,262.7,347.7,61.4,0,262.7,332.9,50.1
"665",664,0,256.2,282.8,101.6,0,256.2,351.7,64.1,0,256.2,341.6,50.1
"666",665,0,254.5,293.6,107.3,0,254.5,353.8,66.1,0,254.5,349.5,48.3
"667",666,0,248.3,303.2,110.2,0,248.3,361.4,71,0,248.3,357.9,47.4
"668",667,0,249.3,313.7,116.3,0,249.3,363.7,74.3,0,249.3,366.1,48.3
"669",668,0,242.3,320.1,122.9,0,242.3,366.7,80.6,0,242.3,375.4,49.2
"670",669,0,237.8,327.3,128.5,0,237.8,368.5,85.3,0,237.8,382.1,49.7
"671",670,0,232.6,335.2,137.7,0,232.6,367.4,92.5,0,232.6,383.7,52
"672",671,0,226.6,342.9,145.9,0,226.6,371.9,99.3,0,226.6,383.5,53.3
"673",672,0,223.7,345.7,160.7,0,223.7,377.9,106.6,0,223.7,382,56.7
"674",673,0,221.5,351.6,168,0,221.5,378.1,111,0,221.5,378.8,59.2
"675",674,0,222.1,355.5,176.3,0,222.1,377,116.6,0,222.1,378.4,61.7
"676",675,0,217.8,360.6,184.8,0,217.8,371.4,124.7,0,217.8,373.9,64.2
"677",676,0,212.9,365.4,197.2,0,212.9,365.7,132.6,0,212.9,368.6,68.4
"678",677,0,210,370.1,206.7,0,210,361.8,138.9,0,210,364.7,71.2
"679",678,0,207,369.3,216.1,0,207,356,143.7,0,207,357.2,72.8
"680",679,0,204.9,371.1,229.5,0,204.9,350.6,155.4,0,204.9,353.2,76.8
"681",680,0,200.5,368.8,240.4,0,200.5,344.2,166,0,200.5,355.7,81
"682",681,0,198.4,366.8,251.6,0,198.4,340,172.9,0,198.4,348.8,83.5
"683",682,0,199.1,365.7,257.7,0,199.1,329.4,185.2,0,199.1,348.6,86.8
"684",683,0,196.5,365.1,270,0,196.5,320.5,198.7,0,196.5,345,89.9
"685",684,0,192.4,362.8,277.4,0,192.4,313,209.7,0,192.4,340.8,93.2
"686",685,0,193.7,358.6,284.6,0,193.7,304.6,218.9,0,193.7,337.3,98
"687",686,0,192.7,351.8,287.8,0,192.7,293.9,225,0,192.7,328.5,101.3
"688",687,0,186.6,346.2,293.9,0,186.6,283.9,233.9,0,186.6,322.8,103.3
"689",688,0,186.3,337.2,300.9,0,186.3,273.3,244.3,0,186.3,318.3,108.1
"690",689,0,183.3,329.3,302.9,0,183.3,261.4,248.5,0,183.3,304.8,109.2
"691",690,0,181.4,319.6,304.6,0,181.4,253.5,250.5,0,181.4,293,109.4
"692",691,0,179.3,308.1,307.2,0,179.3,239.4,255.7,0,179.3,283.4,110.1
"693",692,0,173.7,297.2,308.9,0,173.7,228.5,252.7,0,173.7,268.5,110
"694",693,0,170.3,283.6,307.6,0,170.3,219.3,254.4,0,170.3,258.4,111.6
"695",694,0,170.1,273.7,312,0,170.1,208.1,254.1,0,170.1,248.7,111.4
"696",695,0,164.9,259.4,311.5,0,164.9,198.5,254.4,0,164.9,236.1,111.1
"697",696,0,162.9,248.7,309.7,0,162.9,187.9,251.6,0,162.9,224,110.7
"698",697,0,161.7,234.1,304.1,0,161.7,178.4,249.3,0,161.7,214.2,110.2
"699",698,0,158.9,226.5,294.7,0,158.9,172.5,245.3,0,158.9,200.8,109.1
"700",699,0,157.8,219.5,287.1,0,157.8,165.9,241.8,0,157.8,192,109.9
"701",700,0,157.4,212,279.2,0,157.4,155.3,238.3,0,157.4,185.1,114
"702",701,0,154.7,208,269.1,0,154.7,150,236.1,0,154.7,176.6,116.1
"703",702,0,155.2,202.6,255.9,0,155.2,142.3,236.7,0,155.2,169.5,117.7
"704",703,0,153.7,197.9,243.8,0,153.7,135,234.7,0,153.7,160.9,120.9
"705",704,0,152.8,189.7,231.7,0,152.8,131.1,234.3,0,152.8,151.2,124.4
"706",705,0,152.1,183.2,217.8,0,152.1,125.8,230.5,0,152.1,145,127.8
"707",706,0,152.7,177.7,206.2,0,152.7,121.5,234.2,0,152.7,144.1,132.4
"708",707,0,151.2,173.9,197.3,0,151.2,116.4,236.7,0,151.2,137.4,140
"709",708,0,150.1,171.5,190.3,0,150.1,111,238.2,0,150.1,131.5,144.9
"710",709,0,147.7,165.9,181.5,0,147.7,105.7,235.4,0,147.7,129.5,149
"711",710,0,145.3,161.9,173.1,0,145.3,102,231.6,0,145.3,123.3,153.8
"712",711,0,144.6,155.8,166,0,144.6,97.1,231,0,144.6,121,163.7
"713",712,0,142.1,153,160.6,0,142.1,92.8,228.4,0,142.1,118.1,170.3
"714",713,0,140.6,152,152.1,0,140.6,90.8,221.2,0,140.6,112.7,176.3
"715",714,0,137.3,151.1,142.7,0,137.3,85.2,213.9,0,137.3,109.8,184.8
"716",715,0,135.3,151.3,139.1,0,135.3,84.2,209.8,0,135.3,103.4,191.6
"717",716,0,130.8,152.3,135.9,0,130.8,82.3,203.6,0,130.8,96,196.9
"718",717,0,128,151.8,129.6,0,127.8,79.3,194.2,0,127.8,92.4,204
"719",718,0,129,148.5,125.2,0,128.5,78,186.6,0,128.5,91.2,210.5
"720",719,0,128.5,149.8,119.7,0,128,77.5,179,0,128,86.9,217.4
"721",720,0,126.2,147.8,115.6,0,125.4,77.2,174.1,0,125.4,81.5,224
"722",721,0,125.5,148.9,108.4,0,124.2,76.2,163.6,0,124.2,76.1,228.6
"723",722,0,124.6,147,106.1,0,122.2,75,155.2,0,122.2,70.5,236.6
"724",723,0,125.7,146.9,102.6,0,122.7,73.8,149.2,0,122.7,68.7,242
"725",724,0,125.2,148.1,100.9,0,122.1,74.6,143.6,0,122.1,67.6,241.8
"726",725,0,127,146.4,97.4,0,122.2,71.4,135.3,0,122.2,67.7,247.1
"727",726,0,124.6,144.5,94.4,0,120,74.1,125.9,0,120,65.2,247.8
"728",727,0,127.1,146,91.9,0,120.8,77.6,118.8,0,120.8,61.6,244.5
"729",728,0,125.7,149.1,89.9,0,117.4,79.2,110.8,0,117.4,57.3,246.7
"730",729,0,125.3,149,87.4,0,115.9,81.3,109.1,0,115.9,53.4,246.5
"731",730,0,124.1,150.7,86.8,0,114.3,84.5,104.7,0,114.3,53.6,243
